id,chapter,model,type,status,focus,primary_axis,secondary_axis,weight_rule,desirability,svg_assets,svg_status,review_status
q1,"Quem sou em movimento",A,scenario,implemented,"reação inicial diante de projeto ambíguo","organizador|criativo|social|investigativo","estabilidade|autonomia|proposito|pratico",option_scores,not_applicable,"kanban|lightbulb|handshake|search",implemented,content_review
q2,"Quem sou em movimento",C,forced,implemented,"segurança versus liberdade",estabilidade,autonomia,option_scores,provisional_balanced,"home|route",implemented,forced_choice_review
q13,"Quem sou em movimento",A,scenario,implemented,"o que coloca a pessoa em movimento diante de tarefa longa","organizador|pratico|criativo|proposito","estabilidade|empreendedor|autonomia|investigativo",option_scores,not_applicable,"kanban|rocket|lightbulb|globe",implemented,content_review
q14,"Quem sou em movimento",A,scenario,implemented,"papel espontâneo em um grupo novo","social|empreendedor|organizador|investigativo","proposito|reconhecimento|estabilidade|autonomia",option_scores,not_applicable,"community|megaphone|clipboard|search",implemented,content_review
q15,"Quem sou em movimento",A,scenario,implemented,"uso espontâneo de tempo livre para aprender","investigativo|criativo|pratico|social",,option_scores,not_applicable,"books|palette|wrench|messages",implemented,content_review
q16,"Quem sou em movimento",A,scenario,implemented,"reação a mudança de plano de última hora","autonomia|organizador|social|empreendedor","criativo|estabilidade|proposito|reconhecimento",option_scores,not_applicable,"route|ruler|handshake|zap",implemented,content_review
q17,"Quem sou em movimento",A,scenario,implemented,"manejo de muitas ideias simultâneas","criativo|pratico|investigativo|social","organizador|autonomia|proposito",option_scores,not_applicable,"lightbulb|wrench|search|messages",implemented,content_review
q18,"Quem sou em movimento",A,scenario,implemented,"resposta a pedido de ajuda em tema dominado","social|investigativo|pratico|organizador","proposito|autonomia",option_scores,not_applicable,"hand-heart|books|wrench|clipboard",implemented,content_review
q19,"Quem sou em movimento",C,forced,implemented,"começar e ajustar versus entender antes de avançar","pratico|autonomia","investigativo|organizador",option_scores,provisional_balanced,"rocket|microscope",implemented,forced_choice_review
q20,"Quem sou em movimento",D,ranking,implemented,"fontes de energia para iniciar uma tarefa","autonomia|proposito|reconhecimento|estabilidade|social|pratico","empreendedor|organizador",rankWeights_x_item_scores,not_applicable,"compass|globe|trophy|home|community|wrench",implemented,ranking_review
q3,"Como resolvo problemas",A,scenario,implemented,"estratégia espontânea diante de desafio difícil","investigativo|pratico|social|empreendedor","organizador|criativo|reconhecimento",option_scores,not_applicable,"brain|wrench|messages|rocket",implemented,content_review
q4,"Como resolvo problemas",C,forced,implemented,"método claro versus improvisação",organizador,"autonomia|criativo",option_scores,provisional_balanced,"ruler|wind",implemented,forced_choice_review
q21,"Como resolvo problemas",A,scenario,implemented,"como lidar com instruções incompletas","investigativo|pratico|social|empreendedor","organizador|autonomia",option_scores,not_applicable,"search|wrench|messages|rocket",implemented,content_review
q22,"Como resolvo problemas",A,scenario,implemented,"reação quando uma primeira solução falha","investigativo|pratico|criativo|empreendedor","organizador|autonomia|social",option_scores,not_applicable,"microscope|wrench|lightbulb|community",implemented,content_review
q23,"Como resolvo problemas",A,scenario,implemented,"conflito entre soluções dentro de uma equipe","investigativo|social|empreendedor|criativo","organizador|proposito|reconhecimento|autonomia",option_scores,not_applicable,"brain|handshake|megaphone|lightbulb",implemented,content_review
q24,"Como resolvo problemas",A,scenario,implemented,"decisão sob prazo curto e informação incompleta","organizador|pratico|social|empreendedor","estabilidade|investigativo|autonomia",option_scores,not_applicable,"clipboard|wrench|messages|rocket",implemented,content_review
q25,"Como resolvo problemas",A,scenario,implemented,"aprendizagem de ferramenta desconhecida","investigativo|pratico|social|criativo","organizador|autonomia",option_scores,not_applicable,"books|wrench|messages|flask",implemented,content_review
q26,"Como resolvo problemas",A,scenario,implemented,"organização de projeto com muitas partes","organizador|pratico|criativo|empreendedor","investigativo|social|reconhecimento",option_scores,not_applicable,"kanban|wrench|puzzle|community",implemented,content_review
q27,"Como resolvo problemas",C,forced,implemented,"precisão versus velocidade na entrega","organizador|investigativo|estabilidade","pratico|empreendedor|autonomia",option_scores,provisional_balanced,"ruler|zap",implemented,forced_choice_review
q28,"Como resolvo problemas",D,ranking,implemented,"critérios usados para decidir uma solução","investigativo|pratico|social|criativo|estabilidade|empreendedor","proposito|autonomia|organizador|reconhecimento",rankWeights_x_item_scores,not_applicable,"microscope|wrench|hand-heart|palette|home|trophy",implemented,ranking_review
q5,"O que me atrai no mundo",A,scenario,implemented,"primeiro interesse em feira de profissões","investigativo|criativo|social|empreendedor","proposito|organizador|reconhecimento",option_scores,not_applicable,"dna|theater|heart-hand|chart-up",implemented,content_review
q6,"O que me atrai no mundo",C,forced,implemented,"problema lógico versus problema humano",investigativo,"social|proposito",option_scores,provisional_balanced,"puzzle|sprout",implemented,forced_choice_review
q7,"O que me atrai no mundo",D,ranking,implemented,"hierarquia de atrativos de carreira","criativo|social|investigativo|estabilidade|empreendedor|pratico","autonomia|proposito|organizador|reconhecimento",rankWeights_x_item_scores,not_applicable,"palette|hand-heart|microscope|bricks|megaphone|wrench",implemented,ranking_review
q29,"O que me atrai no mundo",A,scenario,implemented,"tipo de conteúdo que captura atenção espontânea","investigativo|criativo|social|empreendedor","proposito|reconhecimento",option_scores,not_applicable,"microscope|theater|community|chart-up",implemented,content_review
q30,"O que me atrai no mundo",A,scenario,implemented,"papel preferido em projeto voluntário","social|organizador|proposito|pratico","empreendedor",option_scores,not_applicable,"hand-heart|clipboard|globe|wrench",implemented,content_review
q31,"O que me atrai no mundo",A,scenario,implemented,"atividade escolhida em oficina aberta","pratico|criativo|investigativo|social",,option_scores,not_applicable,"wrench|palette|brain|messages",implemented,content_review
q32,"O que me atrai no mundo",A,scenario,implemented,"tipo de transformação que mais desperta interesse","social|proposito|criativo|pratico","empreendedor|reconhecimento|organizador",option_scores,not_applicable,"hand-heart|globe|theater|bricks",implemented,content_review
q33,"O que me atrai no mundo",A,scenario,implemented,"atividade que sustentaria curiosidade por meses","investigativo|criativo|social|empreendedor","estabilidade|autonomia|proposito|reconhecimento",option_scores,not_applicable,"books|palette|community|rocket",implemented,content_review
q34,"O que me atrai no mundo",C,forced,implemented,"criar solução nova versus aprimorar o existente","criativo|autonomia","pratico|organizador",option_scores,provisional_balanced,"lightbulb|wrench",implemented,forced_choice_review
q35,"O que me atrai no mundo",C,forced,implemented,"reconhecimento e influência versus domínio técnico","reconhecimento|empreendedor","investigativo|estabilidade",option_scores,provisional_balanced,"trophy|microscope",implemented,forced_choice_review
q8,"Onde eu funciono melhor",A,scenario,implemented,"ambiente ideal de estudo ou trabalho","estabilidade|criativo|social|empreendedor","organizador|autonomia|investigativo|proposito|reconhecimento",option_scores,not_applicable,"landmark|flask|community|zap",implemented,content_review
q9,"Onde eu funciono melhor",C,forced,implemented,"profundidade versus variedade","investigativo|estabilidade","criativo|autonomia",option_scores,provisional_balanced,"books|compass",implemented,forced_choice_review
q10,"Onde eu funciono melhor",A,scenario,implemented,"reação funcional a crítica","pratico|investigativo|social|organizador","reconhecimento|autonomia|proposito",option_scores,not_applicable,"wrench|lotus|handshake|clipboard",implemented,content_review
q36,"Onde eu funciono melhor",A,scenario,implemented,"configuração de equipe em que rende melhor","social|autonomia|organizador|empreendedor","proposito|estabilidade|reconhecimento",option_scores,not_applicable,"community|compass|kanban|rocket",implemented,content_review
q37,"Onde eu funciono melhor",A,scenario,implemented,"estilo de liderança que favorece desempenho","autonomia|estabilidade|social|reconhecimento","organizador|proposito|empreendedor",option_scores,not_applicable,"compass|landmark|handshake|trophy",implemented,content_review
q38,"Onde eu funciono melhor",A,scenario,implemented,"nível de estímulo e interação no ambiente","investigativo|social|criativo|empreendedor","autonomia|proposito|reconhecimento",option_scores,not_applicable,"brain|community|palette|zap",implemented,content_review
q39,"Onde eu funciono melhor",A,scenario,implemented,"forma de meta que mais mobiliza","reconhecimento|proposito|organizador|empreendedor","social|estabilidade|autonomia",option_scores,not_applicable,"trophy|globe|clipboard|rocket",implemented,content_review
q40,"Onde eu funciono melhor",C,forced,implemented,"rotina estável versus agenda variável","estabilidade|organizador","autonomia|criativo",option_scores,provisional_balanced,"landmark|route",implemented,forced_choice_review
q41,"Onde eu funciono melhor",C,forced,implemented,"decisão compartilhada versus responsabilidade individual","social|proposito","autonomia|pratico",option_scores,provisional_balanced,"community|compass",implemented,forced_choice_review
q42,"Onde eu funciono melhor",D,ranking,implemented,"atributos prioritários do ambiente","estabilidade|autonomia|proposito|reconhecimento|social|criativo","organizador|empreendedor",rankWeights_x_item_scores,not_applicable,"landmark|compass|globe|trophy|community|palette",implemented,ranking_review
q11,"Meu futuro possível",C,forced,implemented,"reconhecimento versus contribuição",reconhecimento,proposito,option_scores,provisional_balanced,"trophy|globe",implemented,forced_choice_review
q12,"Meu futuro possível",A,scenario,implemented,"próximo passo para reduzir dúvida vocacional","social|organizador|pratico|investigativo","estabilidade|autonomia",option_scores,not_applicable,"microphone|receipt|flask|brain",implemented,content_review
q43,"Meu futuro possível",A,scenario,implemented,"como investigar um curso ainda incerto","investigativo|social|pratico|organizador","autonomia|estabilidade",option_scores,not_applicable,"books|microphone|flask|receipt",implemented,content_review
q44,"Meu futuro possível",A,scenario,implemented,"conflito entre preferência pessoal e expectativa familiar","autonomia|social|pratico|proposito","estabilidade|investigativo",option_scores,not_applicable,"compass|messages|wrench|globe",implemented,content_review
q45,"Meu futuro possível",A,scenario,implemented,"avaliação de oportunidade com ganho e perda relevantes","estabilidade|proposito|reconhecimento|autonomia","organizador|social|empreendedor|investigativo",option_scores,not_applicable,"landmark|globe|trophy|compass",implemented,content_review
q46,"Meu futuro possível",C,forced,implemented,"sentido versus segurança financeira","proposito|social","estabilidade|organizador",option_scores,provisional_balanced,"globe|landmark",implemented,forced_choice_review
q47,"Meu futuro possível",C,forced,implemented,"reconhecimento versus autonomia","reconhecimento|empreendedor","autonomia|criativo",option_scores,provisional_balanced,"trophy|compass",implemented,forced_choice_review
q48,"Meu futuro possível",C,forced,implemented,"especialização versus liderança","investigativo|estabilidade","empreendedor|social|reconhecimento",option_scores,provisional_balanced,"microscope|megaphone",implemented,forced_choice_review
q49,"Meu futuro possível",C,forced,implemented,"caminho previsível versus trajetória experimental","estabilidade|organizador","autonomia|criativo",option_scores,provisional_balanced,"landmark|route",implemented,forced_choice_review
q50,"Meu futuro possível",D,ranking,implemented,"critérios finais para comparar carreiras","proposito|estabilidade|autonomia|investigativo|social|reconhecimento","empreendedor",rankWeights_x_item_scores,not_applicable,"globe|landmark|compass|books|community|trophy",implemented,ranking_review